TREAT1,TREAT2
4.5053499,2.3513753
3.0204249,2.3513753
-0.6931472,3.0204249
4.7916498,3.701302
5.0139631,3.0204249
3.4177267,2.3513753
4.7050155,-0.6931472
4.1026434,-0.6931472
4.2556127,2.3513753
4.1026434,-0.6931472
3.9219733,2.3513753
4.3882572,2.3513753
3.4177267,2.3513753
4.1026434,-0.6931472
