SITE,ZONE,MEAN1,VARIANCE1,MEAN2,VARIANCE2
A,SZ(-TR),0.136,0.00100,3.6704,0.1604203
A,SZ(+TR),0.126,0.03083,2.7978,5.9636602
A,MZ,0.034,0.00578,0.8246,3.3998258
A,LZ,0.066,0.02178,1.1490,6.6010050
B,SZ(-TR),0.110,0.00140,3.2810,0.2917580
B,SZ(+TR),0.108,0.00367,3.1350,1.2155700
B,MZ,0.284,0.04703,4.6530,8.4362915
B,LZ,0.016,0.00128,0.5656,1.5995168
