SPECIES,FLORIDA,SANDMARK,V34STREE,BALBOATE,KATESESS,ALTALAJO,LAUREL,CANON,ZENA,BAJA,WASHINGT,SOLANADR,SYRACUSE,V32STREE,V60TH,JUAN,ACUNA,EDISON,SPRUCE,OAKCREST,V54STREE,TITUS,MONTANOS,ELMAC,V32STRE1,TEC1,TEC2,DELMARME
RRATTUS,0.00,0.00000000,0.00000000,0.00000000,0.00000000,0.000000000,0,0,0.2727273,0.3333333,0,0.00000,0.00000000,0.25,0,0,1,0.00000000,0,0.09677419,0.6666667,0,0.0000000,1,0,0.00000000,0.00000000,0.00000000
MMUS,0.65,0.00621118,0.07843137,0.03508772,0.01769912,0.008333333,1,1,0.7272727,0.6666667,1,0.09375,0.06779661,0.75,1,1,0,0.01851852,0,0.00000000,0.3333333,1,0.0000000,0,1,0.00000000,0.00000000,0.00000000
PCALIF,0.15,0.35403727,0.70588235,0.46491228,0.55752212,0.400000000,0,0,0.0000000,0.0000000,0,0.03125,0.66101695,0.00,0,0,0,0.72222222,1,0.87096774,0.0000000,0,0.0000000,0,0,0.62857143,0.59183673,0.83333333
PEREM,0.05,0.40372671,0.00000000,0.00877193,0.18584071,0.291666667,0,0,0.0000000,0.0000000,0,0.00000,0.00000000,0.00,0,0,0,0.00000000,0,0.03225806,0.0000000,0,0.0000000,0,0,0.00000000,0.00000000,0.08333333
RMEGAL,0.05,0.05590062,0.03921569,0.04385965,0.09734513,0.100000000,0,0,0.0000000,0.0000000,0,0.15625,0.06779661,0.00,0,0,0,0.09259259,0,0.00000000,0.0000000,0,0.1666667,0,0,0.00000000,0.20408163,0.00000000
NFUSC,0.10,0.09937888,0.17647059,0.26315789,0.14159292,0.066666667,0,0,0.0000000,0.0000000,0,0.50000,0.20338983,0.00,0,0,0,0.12962963,0,0.00000000,0.0000000,0,0.6666667,0,0,0.31428571,0.18367347,0.08333333
NLEPID,0.00,0.04968944,0.00000000,0.00000000,0.00000000,0.100000000,0,0,0.0000000,0.0000000,0,0.00000,0.00000000,0.00,0,0,0,0.00000000,0,0.00000000,0.0000000,0,0.0000000,0,0,0.00000000,0.00000000,0.00000000
PFALLAX,0.00,0.01242236,0.00000000,0.15789474,0.00000000,0.016666667,0,0,0.0000000,0.0000000,0,0.21875,0.00000000,0.00,0,0,0,0.03703704,0,0.00000000,0.0000000,0,0.1666667,0,0,0.05714286,0.02040816,0.00000000
MCALIF,0.00,0.01863354,0.00000000,0.02631579,0.00000000,0.016666667,0,0,0.0000000,0.0000000,0,0.00000,0.00000000,0.00,0,0,0,0.00000000,0,0.00000000,0.0000000,0,0.0000000,0,0,0.00000000,0.00000000,0.00000000
