SITES,DIM1,DIM2
BC1, 0.4473196, 0.453696698
BC2, 0.5245432,-0.241309181
BC3, 0.5642409,-0.275590599
GS1,-2.4520531,-0.008039257
GS2,-0.3026230, 0.082657166
SCER1, 0.5481766, 0.094805308
SCER2, 0.2251473,-0.362354785
SCER3, 0.4452484, 0.256134689
