SITE,HABITAT,REGION,MAY,JUNE,JULY,AUG,SEP,OCT,NOV,DEC,JAN,FEB,MAR,APR,LMAY,LJUNE,LJULY,LAUG,LSEP,LOCT,LNOV,LDEC,LJAN,LFEB,LMAR,LAPR
Rushworth,ironbark,north,260,215,192,101, 9, 4,12,0, 2,13,10,27,5.5645204,5.375278,5.262690,4.624973,2.3025851,1.609438,2.564949,0.0000000,1.0986123,2.639057,2.397895,3.332205
Graytown,ironbark,north, 56, 86, 34,152,65, 7,11,3, 5,14,20,55,4.0430513,4.465908,3.555348,5.030438,4.1896547,2.079442,2.484907,1.3862944,1.7917595,2.708050,3.044522,4.025352
Anglesea,ironbark,south, 73,144,132,145,81,10, 0,0, 9,24,15,90,4.3040651,4.976734,4.890349,4.983607,4.4067192,2.397895,0.000000,0.0000000,2.3025851,3.218876,2.772589,4.510860
Wallace,ironbark,south,105,268,114,195,19, 0, 5,2, 1, 9, 2,11,4.6634391,5.594711,4.744932,5.278115,2.9957323,0.000000,1.791759,1.0986123,0.6931472,2.302585,1.098612,2.484907
Ida,stringybark,north,  1,  0,  0,  0,18, 8, 5,3,25,16, 9, 0,0.6931472,0.000000,0.000000,0.000000,2.9444390,2.197225,1.791759,1.3862944,3.2580965,2.833213,2.302585,0.000000
McIvor,stringybark,north,  2,  0,  0,  0, 0, 0, 2,1, 3, 2, 2, 0,1.0986123,0.000000,0.000000,0.000000,0.0000000,0.000000,1.098612,0.6931472,1.3862944,1.098612,1.098612,0.000000
Geebung,stringybark,south,  3, 14,  7,  3, 1, 0, 0,0, 2, 8, 2, 2,1.3862944,2.708050,2.079442,1.386294,0.6931472,0.000000,0.000000,0.0000000,1.0986123,2.197225,1.098612,1.098612
Thompson,stringybark,south,  4, 15,  0,  0,19, 3, 3,6, 2,10, 5, 0,1.6094379,2.772589,0.000000,0.000000,2.9957323,1.386294,1.386294,1.9459101,1.0986123,2.397895,1.791759,0.000000
